playlist,list_url,artist,track,spotify_link_type,spotify_url,spotify_title,notes
October 2023,https://www.buymusic.club/list/concrete_avalanche-october-2023,Rainsoft,Gazebo (Terror/Cactus remix),track,https://open.spotify.com/track/1fOx7Vs7ezLlVL9pKDKHep,,Exact remix match
October 2023,https://www.buymusic.club/list/concrete_avalanche-october-2023,Laughing Ears,The Forest That Hears 听森,album,https://open.spotify.com/album/5guxKpUl3wbOHNHS8FpvfH,,Album match
October 2023,https://www.buymusic.club/list/concrete_avalanche-october-2023,33EMYBW,Holes of Time 时间之孔 feat. oxi peng,album,https://open.spotify.com/album/6buxO6AQtiyxfqh4XSEcs1,,Single/album match
October 2023,https://www.buymusic.club/list/concrete_avalanche-october-2023,The Hangzhou Wooshoo Boys,Walking The Cat,track,https://open.spotify.com/track/0Oe98PXafKG7iqKWpaxYc8,,Exact track match
October 2023,https://www.buymusic.club/list/concrete_avalanche-october-2023,Ὁπλίτης,Ἀντιτιμώρημα,track,https://open.spotify.com/track/4AI615vZCIBQo7B3TG4AqB,,Exact track match
November 2023,https://www.buymusic.club/list/concrete_avalanche-november-2023,33EMYBW,Holes of Time 时间之孔 feat. oxi peng,album,https://open.spotify.com/album/6buxO6AQtiyxfqh4XSEcs1,,Single/album match
November 2023,https://www.buymusic.club/list/concrete_avalanche-november-2023,otay:onii,W.C. (Liars Remix),album,https://open.spotify.com/album/2k5RJ6IPHYJDc4ENfbUJrl,,Single/album match
November 2023,https://www.buymusic.club/list/concrete_avalanche-november-2023,Charity SsB,VRO DRILL (feat. G94),album,https://open.spotify.com/album/1UzNAKHxfQNUdLLK5ubxSn,,Album contains track
November 2023,https://www.buymusic.club/list/concrete_avalanche-november-2023,South Acid Mimi,Spegulo,album,https://open.spotify.com/album/5LOpxiKQuBXr8NVJewFaAj,,Album contains track
November 2023,https://www.buymusic.club/list/concrete_avalanche-november-2023,AYRTBH,Porridge 粥,album,https://open.spotify.com/album/46SqDn3Nwt79ItJeYmsyLT,,EP contains track
November 2023,https://www.buymusic.club/list/concrete_avalanche-november-2023,Kloxii Li,Angel Dust 天使塵,album,https://open.spotify.com/album/2496a9UCUEn7byZAuRFu5K,,Single/album match
November 2023,https://www.buymusic.club/list/concrete_avalanche-november-2023,楼长Louzhang,Sea-Deer / 海鹿,album,https://open.spotify.com/album/1MMXMyCNUQfJ8Hh20PCO43,,Album contains track
November 2023,https://www.buymusic.club/list/concrete_avalanche-november-2023,Guzz,追赶流星雨的人,album,https://open.spotify.com/album/6luT8DEdKnpnDGiL7ALrul,,Album contains track
November 2023,https://www.buymusic.club/list/concrete_avalanche-november-2023,One Moon,shoegaze forever,album,https://open.spotify.com/album/1nKF3dlA9vwZrTmTJrsFv3,,EP contains track
November 2023,https://www.buymusic.club/list/concrete_avalanche-november-2023,DAVID BORING,Brian Emo,album,https://open.spotify.com/album/1iy4xM5SPt4DYRrak0ivZ0,,Album contains track
December 2023,https://www.buymusic.club/list/concrete_avalanche-december-2023,动物园钉子户 Zoo Gazer,藏在你的房間,album,https://open.spotify.com/album/4lwcv2dUv2uzBLrVJpu8Nf,,Album match
December 2023,https://www.buymusic.club/list/concrete_avalanche-december-2023,Dolphy Kick Bebop,Morning-after pill,album,https://open.spotify.com/album/1ViiSBmUOiPP1iT49t6hB5,,Album match
December 2023,https://www.buymusic.club/list/concrete_avalanche-december-2023,Zhaoze,Who Has Lost Dreams / 失夢客 [2-guitar],album,https://open.spotify.com/album/09Ufe3ySmTFTog7DAAcOKc,,Single/album match
2023 in Review,https://www.buymusic.club/list/concrete_avalanche-2023-in-review,Pu Poo Platter,Wen's Woozy Wrap | 文武卷,album,https://open.spotify.com/album/7lvcQBUoCUDZRD0b2g4iBd,,Single/album match
2023 in Review,https://www.buymusic.club/list/concrete_avalanche-2023-in-review,夏之禹Zhiyu Xia,说唱 Rap,album,https://open.spotify.com/album/4dKTqcMl7bIRmZAcxrJhrX,,Single/album match
2023 in Review,https://www.buymusic.club/list/concrete_avalanche-2023-in-review,Hualun（花伦）,Where's Tommy? 人呢，小汤米？,album,https://open.spotify.com/album/1y5ex99VPYW8Vl1rkIQD9o,,Single/album match
2023 in Review,https://www.buymusic.club/list/concrete_avalanche-2023-in-review,有话 A Fishy Tale,消失的一刹那 Vanished Instant,album,https://open.spotify.com/album/4tLXRjEWvBBAK6gSbIUF1v,,EP/album match
2023 in Review,https://www.buymusic.club/list/concrete_avalanche-2023-in-review,Instinkto Industrio,East Yunnan Hallucinations,album,https://open.spotify.com/album/7sv29sMcOqG5v1Z0qo2mgK,,Album match
2023 in Review,https://www.buymusic.club/list/concrete_avalanche-2023-in-review,Zhaoze,Standing in Wind | 颯,album,https://open.spotify.com/album/2cbylH8hjF1CCQsMYi1ORV,,Album match
2023 in Review,https://www.buymusic.club/list/concrete_avalanche-2023-in-review,Wu Zhuoling,Station 2020,album,https://open.spotify.com/album/5Quj9zxB9EQs96OUzGXWL1,,EP/album match
2023 in Review,https://www.buymusic.club/list/concrete_avalanche-2023-in-review,马木尔 Mamer,Daididau / Daydydaw,album,https://open.spotify.com/album/3cHoXdw2KW8RUMWy7MVGfh,,Album match
2023 in Review,https://www.buymusic.club/list/concrete_avalanche-2023-in-review,Howie Lee,Snoring in the valley,album,https://open.spotify.com/album/03HoMitulYDV4CiWO6aJJJ,,Album match
2023 in Review,https://www.buymusic.club/list/concrete_avalanche-2023-in-review,Yu Su,I Want an Earth,album,https://open.spotify.com/album/3jp1Cv6bTFyGN1jQWC2uSN,,EP/album match
2023 in Review,https://www.buymusic.club/list/concrete_avalanche-2023-in-review,33EMYBW,Holes of Time 时间之孔 feat. oxi peng,album,https://open.spotify.com/album/6buxO6AQtiyxfqh4XSEcs1,,Single/album match
2023 in Review,https://www.buymusic.club/list/concrete_avalanche-2023-in-review,Laughing Ears,The Forest That Hears 听森,album,https://open.spotify.com/album/5guxKpUl3wbOHNHS8FpvfH,,EP/album match
2023 in Review,https://www.buymusic.club/list/concrete_avalanche-2023-in-review,otay:onii,W.C. (Liars Remix),album,https://open.spotify.com/album/2k5RJ6IPHYJDc4ENfbUJrl,,Single/album match
2023 in Review,https://www.buymusic.club/list/concrete_avalanche-2023-in-review,Ὁπλίτης,Ἀντὶ θεῶν,track,https://open.spotify.com/track/163ljhTACCAUKjGHgZYcaX,,Exact track match
January 2024,https://www.buymusic.club/list/concrete_avalanche-january-2024,LI YILEI,"Yip, Yip, Yip",album,https://open.spotify.com/album/7me7mcscTcEqnOpB6DM8TZ,,Album match
January 2024,https://www.buymusic.club/list/concrete_avalanche-january-2024,CTAFAD,Direction,album,https://open.spotify.com/album/62y9rTEFVWwSSHi6rjFQ5n,,EP/album match
January 2024,https://www.buymusic.club/list/concrete_avalanche-january-2024,South Acid Mimi,Original Soul,album,https://open.spotify.com/album/3T8ExKCMGqlFCdUFp8E87d,,Single/album match
January 2024,https://www.buymusic.club/list/concrete_avalanche-january-2024,Birdstriking,Mountains in Yakushima,album,https://open.spotify.com/album/1F6lzDGJ7SttwvSeMdkhlu,,EP/album match
January 2024,https://www.buymusic.club/list/concrete_avalanche-january-2024,心椒椒 PEPPER HEART,红喷泉,album,https://open.spotify.com/album/5qZIgsjssYeccybR12f8Sx,,EP/album match
January 2024,https://www.buymusic.club/list/concrete_avalanche-january-2024,Riot in School,Tumbleweed²,album,https://open.spotify.com/album/1Nx5tQoWpI0ImAKEiQr5tq,,Single URL surfaced in external discography
January 2024,https://www.buymusic.club/list/concrete_avalanche-january-2024,Zhaoze,Who Has Lost Dreams / 失夢客 [2-guitar],album,https://open.spotify.com/album/09Ufe3ySmTFTog7DAAcOKc,,Single/album match
January 2024,https://www.buymusic.club/list/concrete_avalanche-january-2024,Ὁπλίτης,Παραδειγματιζομένη μουσική,track,https://open.spotify.com/track/7HoRWH10MtbUqs1uaohQWb,,Exact track match
February 2024,https://www.buymusic.club/list/concrete_avalanche-march-2024,麦盖提刀郎木卡姆乐队 Mekit Dolan Muqam Group,奥坦巴亚宛木卡姆 Otang Bayawan Muqam,album,https://open.spotify.com/album/51I0P4sYlTPrKOXhswKmJ3,,Album match
February 2024,https://www.buymusic.club/list/concrete_avalanche-march-2024,Re-TROS,Sounds for Celebration (Liars Remix),album,https://open.spotify.com/album/1JHj4xv12m158fzKQj6aiZ,,Album match
February 2024,https://www.buymusic.club/list/concrete_avalanche-march-2024,Jiafeng,weChat graveyard | 微信是聊天的坟墓,album,https://open.spotify.com/album/5vrdnWLe35y6BB5hejM64Y,,Album match
February 2024,https://www.buymusic.club/list/concrete_avalanche-march-2024,Bloodz Boi,when i'm feeling ft. 454,album,https://open.spotify.com/album/3dxQrX5TUkyaNESO8FZti6,,Single/album match
February 2024,https://www.buymusic.club/list/concrete_avalanche-march-2024,冒牌罕哥,光束,album,https://open.spotify.com/album/7Akb0aJB1ZzuOEr2bGMu6T,,Album match
February 2024,https://www.buymusic.club/list/concrete_avalanche-march-2024,FAZI,带上我的眼睛 Eye in the Sky,track,https://open.spotify.com/track/1J5GdMSZtphzysDgR0CeoI,,Direct track match
February 2024,https://www.buymusic.club/list/concrete_avalanche-march-2024,心椒椒 PEPPER HEART,红喷泉,album,https://open.spotify.com/album/5qZIgsjssYeccybR12f8Sx,,Single/album match
February 2024,https://www.buymusic.club/list/concrete_avalanche-march-2024,Wang Wen,Lonely God (Live),album,https://open.spotify.com/album/4PYa4dXOKzti8EsugfF9gz,,Album match
February 2024,https://www.buymusic.club/list/concrete_avalanche-march-2024,Chinese Football,世界一分为二 The World Is Splitting in Two,album,https://open.spotify.com/album/6chuKPfunY5bsaBDo7WXAt,,Album match
Chinese shoegaze,https://www.buymusic.club/list/concrete_avalanche-chinese-shoegaze,波卡利甜 Pocari Sweet,海风吹,album,https://open.spotify.com/album/1m38wExZbku9iCumjJf2K0,,Album match
Chinese shoegaze,https://www.buymusic.club/list/concrete_avalanche-chinese-shoegaze,City Flanker,Lane,album,https://open.spotify.com/album/4zFzQHApoO5vj0GL1KnoW9,,Album match
Chinese shoegaze,https://www.buymusic.club/list/concrete_avalanche-chinese-shoegaze,Dear Eloise,star,album,https://open.spotify.com/album/5BBsF7AuKIxUOka8qjTeWE,,Album match
Chinese shoegaze,https://www.buymusic.club/list/concrete_avalanche-chinese-shoegaze,One Moon,shoegaze forever,album,https://open.spotify.com/album/1nKF3dlA9vwZrTmTJrsFv3,,Album match
Chinese shoegaze,https://www.buymusic.club/list/concrete_avalanche-chinese-shoegaze,缺省 Default,鸽哨,album,https://open.spotify.com/album/5HsyoHASdLsyWiCoefKDD4,,Album match
Chinese shoegaze,https://www.buymusic.club/list/concrete_avalanche-chinese-shoegaze,Kirin Trio,年少如夢,album,https://open.spotify.com/album/0QS4Hx3d52Ligcbw5TgMDJ,,Album match
Chinese shoegaze,https://www.buymusic.club/list/concrete_avalanche-chinese-shoegaze,Forsaken Autumn,Soft Wing,album,https://open.spotify.com/album/6e95CHHOu1bBxhXr47yHYC,,Album match
Chinese shoegaze,https://www.buymusic.club/list/concrete_avalanche-chinese-shoegaze,Pale Air,Sexualidad Cósmica,album,https://open.spotify.com/album/6BMAUOmPNtGd0HjQH2fh7A,,Album match
Chinese shoegaze,https://www.buymusic.club/list/concrete_avalanche-chinese-shoegaze,Jo's Moving Day,1968 Itinerary,album,https://open.spotify.com/album/6zevTfhxqZkE4TrmzbFk5D,,Album match
March 2024,https://www.buymusic.club/list/concrete_avalanche-march-2024-1,Voision Xi,上南 Southern Shanghai,album,https://open.spotify.com/album/3Bph8UnxxmA5ONiyEaFPkq,,Single/album match
March 2024,https://www.buymusic.club/list/concrete_avalanche-march-2024-1,WHITE+,飞天,album,https://open.spotify.com/album/6b39aNT1xdYgzKaLfy6ZVX,,Album match
March 2024,https://www.buymusic.club/list/concrete_avalanche-march-2024-1,Wang Wen,"Sweet Home, Go! (Long Arm Remix) (Live)",album,https://open.spotify.com/album/4PYa4dXOKzti8EsugfF9gz,,Album match
March 2024,https://www.buymusic.club/list/concrete_avalanche-march-2024-1,Howie Lee,The Seven Line Prayer to Guru Rinpoche 莲师七句祈请文,album,https://open.spotify.com/album/4KLEVSYwACqRtPGGFd3EOk,,Album match
March 2024,https://www.buymusic.club/list/concrete_avalanche-march-2024-1,Li Yilei,"Pillow, Mantra and Trance",track,https://open.spotify.com/track/4AX795lUNQjM1TcjdRDXh8,,Direct track match
March 2024,https://www.buymusic.club/list/concrete_avalanche-march-2024-1,Run Run Run,玉林敬酒歌,album,https://open.spotify.com/album/3GBKvMCLEidQmLKmsIRzVh,,Album match
March 2024,https://www.buymusic.club/list/concrete_avalanche-march-2024-1,Re-TROS,Three Body 三体,album,https://open.spotify.com/album/1bj2RrumtQQZRLW8M2UGfs,,Single/album match
April 2024,https://www.buymusic.club/list/concrete_avalanche-april-2024,33EMYBW,Happy Museum 欢乐博物馆,album,https://open.spotify.com/album/0d58xleV4X5DY7DiesldAJ,DONG 2,Album contains the track.
April 2024,https://www.buymusic.club/list/concrete_avalanche-april-2024,Noooodle King,ฉัน (Phuket Night Swing),album,https://open.spotify.com/album/42TBngTY3P2OELce3YRa5C,Meia Lua à Beira Mar,Album contains the track.
April 2024,https://www.buymusic.club/list/concrete_avalanche-april-2024,Voision Xi,小小鸟 Birdling,album,https://open.spotify.com/album/3rgGKCbNHaEhPsDGOCnG9q,Queen and Elf,Album contains Birdling / 小小鳥.
April 2024,https://www.buymusic.club/list/concrete_avalanche-april-2024,JF Lee,Cane chair,album,https://open.spotify.com/album/5pZdsxseIt3Q4vMvv7HS2T,1602,Album contains 藤椅 / Cane chair.
April 2024,https://www.buymusic.club/list/concrete_avalanche-april-2024,李志 Li Zhi,愛,album,https://open.spotify.com/album/5OjrO0QIsBUSVmhS8mzZuI,我愛南京,Album contains 愛.
April 2024,https://www.buymusic.club/list/concrete_avalanche-april-2024,Mamer,毒草 Wle xɵp / Noxious Weed,album,https://open.spotify.com/album/5RxJCa0RRmZiUyYt4Tsnur,无眠 Uyⱪesez / Sleepless,Album contains 毒草 / Noxious Weed.
April 2024,https://www.buymusic.club/list/concrete_avalanche-april-2024,腾光事务所,舞空术,album,https://open.spotify.com/album/10TOdyRtCW4UhziuJ2QYtQ,D.L.C,EP contains 舞空术.
Yang Haisong,https://www.buymusic.club/list/concrete_avalanche-yang-haisong,P.K.14,快,album,https://open.spotify.com/album/3xjsjXnwbFPO9rahu0CEs0,谁谁谁和谁谁谁,Album contains 快.
Yang Haisong,https://www.buymusic.club/list/concrete_avalanche-yang-haisong,Hiperson / 海朋森,红色街区 Blocks in red,album,https://open.spotify.com/album/4DFXHcLjZT0d1KM5sa9jEv,我不要别的历史,Album contains 红色街区.
Yang Haisong,https://www.buymusic.club/list/concrete_avalanche-yang-haisong,Carsick Cars,Zhong Nan Hai,album,https://open.spotify.com/album/18fsl0rVNVovHDnP2T8XOu,Carsick Cars,Album contains Zhong Nan Hai.
Yang Haisong,https://www.buymusic.club/list/concrete_avalanche-yang-haisong,Alpine Decline,220/110 Burnout Blues,album,https://open.spotify.com/album/2FWujmcN4mogy3p7E1bOpT,Life's a Gasp,Album contains 220/110 Burnout Blues.
Yang Haisong,https://www.buymusic.club/list/concrete_avalanche-yang-haisong,Birdstriking,Monkey Snake,album,https://open.spotify.com/album/7ytPOHHBAl7XYLpwdxx8Ih,Birdstriking,Album contains Monkey Snake.
Yang Haisong,https://www.buymusic.club/list/concrete_avalanche-yang-haisong,P.K.14,03 告诉孩子们,album,https://open.spotify.com/album/7fgyQo5SZXkaDqGh2dgduM,白皮书,Album contains 告诉孩子们.
May 2024,https://www.buymusic.club/list/concrete_avalanche-may-2024,Wang Wen,劳动公园,album,https://open.spotify.com/album/3K2934SdOnGvnJ3nVpKfXZ,RE:RE:RE:,Album contains 劳动公园.
May 2024,https://www.buymusic.club/list/concrete_avalanche-may-2024,Backspace,Narcissus's Death,album,https://open.spotify.com/album/1zlh6I0eJgSzF53w2wSDWi,Outside of Change,Album contains Narcissus's Death.
May 2024,https://www.buymusic.club/list/concrete_avalanche-may-2024,Hiperson,Our Ballad,album,https://open.spotify.com/album/2DsuMfFkqGazvpVyO7rGGs,成長小說,Single release contains Our Ballad.
May 2024,https://www.buymusic.club/list/concrete_avalanche-may-2024,P.K.14,她丢失了信仰,album,https://open.spotify.com/album/3xjsjXnwbFPO9rahu0CEs0,谁谁谁和谁谁谁,Album contains 她丢失了信仰.
May 2024,https://www.buymusic.club/list/concrete_avalanche-may-2024,腾光事务所,0 Credits,album,https://open.spotify.com/album/10TOdyRtCW4UhziuJ2QYtQ,D.L.C,EP contains 0 Credits.
May 2024,https://www.buymusic.club/list/concrete_avalanche-may-2024,Chestnut Bakery,I Love You Mr.Snowball,album,https://open.spotify.com/album/4Si37aq4WxbDWTgIaJtGAy,Diaries,Album contains I Love You Mr Snowball.
May 2024,https://www.buymusic.club/list/concrete_avalanche-may-2024,CHILLGOGOG,职人 The Staff [Sdewdent Remix] (feat. Shoutit),album,https://open.spotify.com/album/72KCHTJNtXZAz8MXGI8Xn4,Revisit: That White Building,EP contains The Staff - Sdewdent Remix.
May 2024,https://www.buymusic.club/list/concrete_avalanche-may-2024,Mamer,朋克秋裤 Punk Long Johns,album,https://open.spotify.com/album/5RxJCa0RRmZiUyYt4Tsnur,无眠 Uyⱪesez / Sleepless,Album contains 朋克秋裤 / Punk Long Johns.
May 2024,https://www.buymusic.club/list/concrete_avalanche-may-2024,33EMYBW,Holes of Time 时间之孔 feat. oxi peng,album,https://open.spotify.com/album/7svpQMr7waYZaOVk2ccLmw,Holes of Sinian,Album contains Holes of Time.
May 2024,https://www.buymusic.club/list/concrete_avalanche-may-2024,Howie Lee,Mantra of Buddha Akshobhya 不动佛心咒,album,https://open.spotify.com/album/4KLEVSYwACqRtPGGFd3EOk,At The Drolma Wesel-Ling Monastery,Album contains the track.
May 2024,https://www.buymusic.club/list/concrete_avalanche-may-2024,Dummy Toys,Wake Up,album,https://open.spotify.com/album/5D14OJiGRREcU8xCp9Tfqs,War Is Nightmare,Album contains Wake Up.
May 2024,https://www.buymusic.club/list/concrete_avalanche-may-2024,PostmodernHippie,雪花 (snowflake dancing with bossanova),album,https://open.spotify.com/album/2agiXepp3WdS0Ndgis0Go6,過去主義生活,EP contains 雪花 (snowflake dancing with bossanova).
May 2024,https://www.buymusic.club/list/concrete_avalanche-may-2024,COLA REN,Lost In Bamboos,album,https://open.spotify.com/album/16ncAItevXqiwJ8d42taWq,Forest Drone,EP contains Lost In Bamboos.
Chinese Football,https://www.buymusic.club/list/concrete_avalanche-chinese-football,Chinese Football,电动少女,track,https://open.spotify.com/track/0i7688ubEVV4GRzXqg2QSU,Electronic Girl,Direct Spotify track page.
Chinese Football,https://www.buymusic.club/list/concrete_avalanche-chinese-football,Chinese Football,家犬日记 Dog's Diary,album,https://open.spotify.com/album/2JWTkdHlK8N1jWewNM4apO,Dog's Diary,Spotify single page for the song.
Chinese Football,https://www.buymusic.club/list/concrete_avalanche-chinese-football,Chinese Football,世界一分为二 The World Is Splitting in Two,track,https://open.spotify.com/track/3Xd75Wx9tnbkCCuPDdytvS,The World Is Splitting in Two,Direct Spotify track page.
Chinese Football,https://www.buymusic.club/list/concrete_avalanche-chinese-football,Chinese Football & Friends,Chinese Football - Come Together(The Beatles Cover),track,https://open.spotify.com/track/06IBtSxC6k54vkAFGLbNDA,Come Together,Direct Spotify track page.
Chinese Football,https://www.buymusic.club/list/concrete_avalanche-chinese-football,Chinese Football,盒子,track,https://open.spotify.com/track/0CH8YfZclb6W4aShAT9LFi,The Box,Direct Spotify track page.
Chinese Football,https://www.buymusic.club/list/concrete_avalanche-chinese-football,Chinese Football,守门员,track,https://open.spotify.com/track/25STG6WySeJHkjqNnE3y5i,守门员,Direct Spotify track page.
Chinese Football,https://www.buymusic.club/list/concrete_avalanche-chinese-football,Chinese Football,冒险岛 Adventure Island,track,https://open.spotify.com/track/3uLek4Mhx83fbVGrwwEZfc,Adventure Island,Direct Spotify track page.
Chinese Football,https://www.buymusic.club/list/concrete_avalanche-chinese-football,Thug Mills & Chinese Football,Chinese Football － 地球上最后一个EMO男孩,track,https://open.spotify.com/track/0Qc64n2zOU0w1t9mjXzItL,The Last Emo Boy on Earth,Direct Spotify track page.
June 2024,https://www.buymusic.club/list/concrete_avalanche-june-2024,Chinese Football,电动少女,track,https://open.spotify.com/track/0i7688ubEVV4GRzXqg2QSU,Electronic Girl,Direct Spotify track page.
June 2024,https://www.buymusic.club/list/concrete_avalanche-june-2024,天然味道 Natural Flavor,Yuck ByeBye,track,https://open.spotify.com/track/2Cj8jSqny1YmEmY2ZsfNU3,Yuck ByeBye,Direct Spotify track page.
June 2024,https://www.buymusic.club/list/concrete_avalanche-june-2024,GAIWAER / 街娃GaiWaEr,3514,album,https://open.spotify.com/album/1MR34c4UB8k2GHE6aOJSyO,3514,Spotify single page for the song.
June 2024,https://www.buymusic.club/list/concrete_avalanche-june-2024,Baishui,中國搖滾明星食剩下的零食 / Chinese Rock Snack,album,https://open.spotify.com/album/2Z1XjVNxWNU5gA76XDlA6J,"Songs, Vol. 1",Album snippet shows the track on the release.
June 2024,https://www.buymusic.club/list/concrete_avalanche-june-2024,thruoutin,The Heroine of The Legend 《传说中的女主角》,album,https://open.spotify.com/album/716R7V9zAAq2EmAd2KDW06,Broken Bridge,Album snippet shows the track on the release.
June 2024,https://www.buymusic.club/list/concrete_avalanche-june-2024,英水帝江,阐提城,album,https://open.spotify.com/album/5hkj8gH7VfQofdcZMQqxSf,阐提城,Spotify single page for the song.
June 2024,https://www.buymusic.club/list/concrete_avalanche-june-2024,COLA REN,Lost In Bamboos,album,https://open.spotify.com/album/16ncAItevXqiwJ8d42taWq,Forest Drone,Album snippet shows the track on the release.
June 2024,https://www.buymusic.club/list/concrete_avalanche-june-2024,bod [包家巷] + Bloodz Boi,"holy (water, earth, metal, fire, wood) + Bloodz Boi 血男孩",album,https://open.spotify.com/album/5afSHP56lAcPuplvuPvqPj,55555 (开放系统流放愿景),Spotify single page contains the track.
June 2024,https://www.buymusic.club/list/concrete_avalanche-june-2024,Re-TROS,Red Rum Aviv (Xiu Xiu Remix),album,https://open.spotify.com/album/28U5hShjqIQ0RrKKlAlp7C,RRASFC,Spotify single page contains the remix track.
June 2024,https://www.buymusic.club/list/concrete_avalanche-june-2024,Chinese Football,电动少女（8-Bit Remix）,album,https://open.spotify.com/album/3a9hR48M86aIvPZIYEsmBC,Electronic Girl (8-Bit Remix),Spotify single page for the song.
July 2024,https://www.buymusic.club/list/concrete_avalanche-july-2024,Carsick Cars,Farewell,album,https://open.spotify.com/album/5wtJUTJSqcuq0FQGsMbCvg,Farewell,Spotify single page for the song.
July 2024,https://www.buymusic.club/list/concrete_avalanche-july-2024,Birdstriking,快點起床 (Live),track,https://open.spotify.com/track/26w0uAEF4diA6FuLWgQDMG,快點起床(Live),Direct Spotify track page.
July 2024,https://www.buymusic.club/list/concrete_avalanche-july-2024,otay:onii,They Said That’s FREEDOM and I Laughed 哈哈,album,https://open.spotify.com/album/4D4r0fEP7HIxn9JHN67GhJ,They Said That's FREEDOM and I Laughed,Spotify single page for the song.
July 2024,https://www.buymusic.club/list/concrete_avalanche-july-2024,SHAO,04 Malu's Dream,track,https://open.spotify.com/track/5zZc0ROEu4RmtUagnmr1Po,Malu's Dream,Direct Spotify track page.
July 2024,https://www.buymusic.club/list/concrete_avalanche-july-2024,李剑峰 JF LEE,龙游春雨,album,https://open.spotify.com/album/03DZw8PDQpdk5qHlmCSsjo,Seippelabel Vol. 11,Compilation page lists the track.
July 2024,https://www.buymusic.club/list/concrete_avalanche-july-2024,Muggle,"24th,May",album,https://open.spotify.com/album/13tZ6d0e3kuA9TxriXoQSo,Go On,Single page contains the track.
July 2024,https://www.buymusic.club/list/concrete_avalanche-july-2024,ni zheng,a litany of shadows,album,https://open.spotify.com/album/2fDtSw3zmdLvFq13BPyNpW,fetid things,EP page lists the track.
August 2024,https://www.buymusic.club/list/concrete_avalanche-august-2024,Yu Su,Avanvera,album,https://open.spotify.com/album/2OF17PVOjPoYxPRn3eteZf,Avanvera,Spotify single/album page for the song.
August 2024,https://www.buymusic.club/list/concrete_avalanche-august-2024,SHAO,04 Malu's Dream,album,https://open.spotify.com/album/2sb0Wjfe9ZT9QrmlPIpSxR,"For the Peaceful Night, Vol. 1",Album page includes the track.
August 2024,https://www.buymusic.club/list/concrete_avalanche-august-2024,SIIIG,666 (Original Version),album,https://open.spotify.com/album/6nChJ4EbEMsIfKuK9MlMZn,666,Single/album page for the song.
August 2024,https://www.buymusic.club/list/concrete_avalanche-august-2024,Laughing Ears,Birthmark,album,https://open.spotify.com/album/1Kxfr8Ac7oag9lhjlo9hsJ,4.44.444,Album page includes the track.
August 2024,https://www.buymusic.club/list/concrete_avalanche-august-2024,Zaliva-D,A2 - Coast to Coast,album,https://open.spotify.com/album/1X7dxWPWSYnaiiQrsh7AxT,Total Withered,Album page includes the track.
August 2024,https://www.buymusic.club/list/concrete_avalanche-august-2024,Lim Giong 林強,Fantasy Forest 奇林,album,https://open.spotify.com/album/3duYqUz3yqXhzLPu14ezgG,The Realm of Otherness,Album page includes the track.
August 2024,https://www.buymusic.club/list/concrete_avalanche-august-2024,英水帝江 Ying Shui Di Jiang,II - 乘風 Riding on the Wind,album,https://open.spotify.com/album/5eB14wpUAIvTM82CjelnvS,Riding on the Wind (In memory of Mr. Malegebide a.k.a. DJ Evilbee),Album page includes the track.
August 2024,https://www.buymusic.club/list/concrete_avalanche-august-2024,马木尔 Mamer,沙漠九 Desert 9,track,https://open.spotify.com/track/6dLYL0ReL1KOXwTkzGhgXy,沙漠九,Direct Spotify track page.
August 2024,https://www.buymusic.club/list/concrete_avalanche-august-2024,AmovingmoviE,最后一页 D-emo（Outro）,album,https://open.spotify.com/album/3MfxxqzNlbX2L48ZHkBZI6,MoveinmoviE,Album page includes the outro track.
September 2024,https://www.buymusic.club/list/concrete_avalanche-september-2024,Run! Rabbit Run! 脱兔,I wanna be your dog(Cover),album,https://open.spotify.com/album/4c4KoKkvoy2aR6NzmvnP0z,Hare Talk (Radio Edit),Album page includes the track.
September 2024,https://www.buymusic.club/list/concrete_avalanche-september-2024,假高潮Fakeorgasm,Semi semi,album,https://open.spotify.com/album/0CRLHuvV25uZ20Num7zp9f,Semi Semi,EP page for the song.
September 2024,https://www.buymusic.club/list/concrete_avalanche-september-2024,Zaliva-D,A5 - Larva,album,https://open.spotify.com/album/1X7dxWPWSYnaiiQrsh7AxT,Total Withered,Album page includes the track.
September 2024,https://www.buymusic.club/list/concrete_avalanche-september-2024,阿孜亞Azi / 明暗Ming / 楊伍德Yangwood,үхэрт хүйтэн,album,https://open.spotify.com/album/06OUesKZ1RXxKNKtcFc5eT,三重咒,Album page includes the track.
September 2024,https://www.buymusic.club/list/concrete_avalanche-september-2024,英水帝江 Ying Shui Di Jiang,II - 業獸 Beast of Karma,album,https://open.spotify.com/album/5eB14wpUAIvTM82CjelnvS,Riding on the Wind (In memory of Mr. Malegebide a.k.a. DJ Evilbee),Album page includes the track.
September 2024,https://www.buymusic.club/list/concrete_avalanche-september-2024,鼠鼠鼠,鲁蛇俱乐部,album,https://open.spotify.com/album/1OBWf4fLJQbdQwgtdLB3S0,the three mice,Album page includes the track.
September 2024,https://www.buymusic.club/list/concrete_avalanche-september-2024,马木尔 Mamer,铁米尔塔斯 Temir Tas,album,https://open.spotify.com/album/2s4dGpXG3zB3cKo3H6hGJ7,模​仿​星​空 Imitate Sky,Album page includes the track.
September 2024,https://www.buymusic.club/list/concrete_avalanche-september-2024,Du Yun,"Scene VI: Battered, Bruised, Beaten, Bloody",album,https://open.spotify.com/album/5ddRP7JogpMYPyd5QEcQwy,Angel's Bone,Album page includes the track.
October 2024,https://www.buymusic.club/list/concrete_avalanche-october-2024,Hualun,Scene,album,https://open.spotify.com/album/0lt5JsjPLh6WIxyUdG2fDW,Scene,Album page includes the title track.
October 2024,https://www.buymusic.club/list/concrete_avalanche-october-2024,孫大威、張潛&朱遙,逍遙 Carefree,album,https://open.spotify.com/album/6tHQSuimMyeFDttqjX6gWL,逍遙Carefree,Single/album page for the song.
October 2024,https://www.buymusic.club/list/concrete_avalanche-october-2024,楼长Louzhang,Kings of Wells,album,https://open.spotify.com/album/3Qs6MzHIMGKU5x927mN8Tz,Kings of Wells,Album page includes the title track.
October 2024,https://www.buymusic.club/list/concrete_avalanche-october-2024,Charity SsB,Zhuang Zi 庄子,album,https://open.spotify.com/album/4LhrprTFEUeFfcbwvROwdC,Clemency,Album page includes the track.
October 2024,https://www.buymusic.club/list/concrete_avalanche-october-2024,Laughing Ears,The World Is Sound,album,https://open.spotify.com/album/63Cqeu9XXcJduvrgdyTLDM,Erased Tapes,Album page includes the track.
October 2024,https://www.buymusic.club/list/concrete_avalanche-october-2024,STOLEN,I Generated,album,https://open.spotify.com/album/0BmOgrHh8xM9ZTWWvDetGU,I Generated,EP page for the song.
October 2024,https://www.buymusic.club/list/concrete_avalanche-october-2024,Gong Gong Gong 工工工 & Mong Tong,Escaping Encirclements 出重圍,album,https://open.spotify.com/album/4mgQmyaaCztkH7E7yWQghd,Escaping Encirclements 出重圍,Single/album page for the song.
October 2024,https://www.buymusic.club/list/concrete_avalanche-october-2024,GAIWAER,3514,album,https://open.spotify.com/album/1MR34c4UB8k2GHE6aOJSyO,3514,Single/album page for the song.
October 2024,https://www.buymusic.club/list/concrete_avalanche-october-2024,马木尔 Mamer,脏 Dirty 08,album,https://open.spotify.com/album/1fvu8Yd7aMKBvJJha4yIwP,脏Dirty,Album page includes the track.
October 2024,https://www.buymusic.club/list/concrete_avalanche-october-2024,TrembLe MiX,Tragedy,album,https://open.spotify.com/album/0mrdPENqZ3mj5yBKBDlEhc,TrembLe MiX,Album page includes the track.
October 2024,https://www.buymusic.club/list/concrete_avalanche-october-2024,otay:onii,They Said That’s FREEDOM and I Laughed 哈哈,album,https://open.spotify.com/album/4D4r0fEP7HIxn9JHN67GhJ,They Said That's FREEDOM and I Laughed,Single/album page for the song.
November 2024,https://www.buymusic.club/list/concrete_avalanche-november-2024,Sleeping Dogs,去北戴河,track,https://open.spotify.com/track/4PL1yskPgJlMp0ywH2YqsM,去北戴河,Exact track match.
November 2024,https://www.buymusic.club/list/concrete_avalanche-november-2024,AM444,Eye Wonder,track,https://open.spotify.com/track/6SnCYdBlzC2GioZUnPOsxX,Eye Wonder,Exact track match.
November 2024,https://www.buymusic.club/list/concrete_avalanche-november-2024,NaraBara,Bimba,album,https://open.spotify.com/album/29DB4wqTw4DkaJ7At8mpvM,Bimba,Single/album page for the song.
November 2024,https://www.buymusic.club/list/concrete_avalanche-november-2024,Lonely Leary,在河滨 Thunderous Riverside,album,https://open.spotify.com/album/5b8tbVXJTJIjmi7pREDp4e,间冰期,Album page snippet includes the track.
November 2024,https://www.buymusic.club/list/concrete_avalanche-november-2024,FAZI,带上我的眼睛 Eye in the Sky,track,https://open.spotify.com/track/1J5GdMSZtphzysDgR0CeoI,Eye in the Sky,Exact track match.
November 2024,https://www.buymusic.club/list/concrete_avalanche-november-2024,SMZB,A Letter From China,album,https://open.spotify.com/album/6YH0WnLCNzRvvrDDSoBk4e,中国来信,Album page includes the track.
ChaCha changes: Yehaiyahan tracks,https://www.buymusic.club/list/concrete_avalanche-chacha-changes-yehaiyahan-tracks,YEHAIYAHAN,Under The Moonlight,album,https://open.spotify.com/album/1nCbAX6UrqGkdRpfISsYl9,Under The Moonlight,Album page includes the track.
ChaCha changes: Yehaiyahan tracks,https://www.buymusic.club/list/concrete_avalanche-chacha-changes-yehaiyahan-tracks,Howie Lee,光阴向太阳 (Time To The Sun) Ft. Yehaiyahan,album,https://open.spotify.com/album/0A5wO1obJKJsdQN0kFqUEf,Birdy Island,Album page includes the track.
ChaCha changes: Yehaiyahan tracks,https://www.buymusic.club/list/concrete_avalanche-chacha-changes-yehaiyahan-tracks,AM444,Eye Wonder,track,https://open.spotify.com/track/6SnCYdBlzC2GioZUnPOsxX,Eye Wonder,Exact track match.
ChaCha changes: Yehaiyahan tracks,https://www.buymusic.club/list/concrete_avalanche-chacha-changes-yehaiyahan-tracks,Kode9,Love is The Drug Ft Cha Cha,album,https://open.spotify.com/album/4DUjOfWpgNvDg2xRxgxNGl,Black Sun,Album page includes the track.
ChaCha changes: Yehaiyahan tracks,https://www.buymusic.club/list/concrete_avalanche-chacha-changes-yehaiyahan-tracks,Letta Ft. YEHAIYAHAN,Nothing Left For Me,track,https://open.spotify.com/track/2W1oBQpaAP6hEkYQaRIzZX,Nothing Left For Me,Exact track match.
ChaCha changes: Yehaiyahan tracks,https://www.buymusic.club/list/concrete_avalanche-chacha-changes-yehaiyahan-tracks,High Tone,Oh Why Feat. Yehaiyahan,album,https://open.spotify.com/album/3DZrXqDgsgPGrHpUzquHuE,Oh Why,Single/album page for the song.
ChaCha changes: Yehaiyahan tracks,https://www.buymusic.club/list/concrete_avalanche-chacha-changes-yehaiyahan-tracks,Yehaiyahan,Love Hurts,album,https://open.spotify.com/album/5PE2mm8iipQQglD8x6QjJq,Adrian Sherwood presents Dub No Frontiers,Album page includes the track.
ChaCha changes: Yehaiyahan tracks,https://www.buymusic.club/list/concrete_avalanche-chacha-changes-yehaiyahan-tracks,ChaCha/Soulspeak,Another Story,track,https://open.spotify.com/track/2KkEd28cpbu3ol5IH4HPSU,Another Story,Exact track match.
ChaCha changes: Yehaiyahan tracks,https://www.buymusic.club/list/concrete_avalanche-chacha-changes-yehaiyahan-tracks,KbN,Cat Allergy feat. Yehaiyahan,album,https://open.spotify.com/album/5j7MhnEFeNmOjipKLjw1Vd,非線性隨機振動與響應,Album page includes the track.
ChaCha changes: Yehaiyahan tracks,https://www.buymusic.club/list/concrete_avalanche-chacha-changes-yehaiyahan-tracks,YEHAIYAHAN,Call Me From The Past,album,https://open.spotify.com/album/3DuGEhShEC2X45iPDihkp5,Call Me From The Past,Single/album page for the song.
December 2024,https://www.buymusic.club/list/concrete_avalanche-december-2024,王曉芳&楊海崧 Wang Xiaofang & Yang Haisong,她似乎來自另一個宇宙,album,https://open.spotify.com/album/2z3XDl7E8VZUg3ASpsSy6G,水道无形,Album page snippet includes the track.
December 2024,https://www.buymusic.club/list/concrete_avalanche-december-2024,AM444,Eye Know,track,https://open.spotify.com/track/4HEPtWJq5tv64h19VyeYIK,Eye Know,Exact track match.
December 2024,https://www.buymusic.club/list/concrete_avalanche-december-2024,Voision Xi,Kagi 鍵,album,https://open.spotify.com/album/3rgGKCbNHaEhPsDGOCnG9q,Queen and Elf,Album page includes the track.
December 2024,https://www.buymusic.club/list/concrete_avalanche-december-2024,Cvalda,Entertainment is controllable fear,album,https://open.spotify.com/album/7MkMibhQlG2DMyLD2BgdPA,Fountain,Album page includes the track.
December 2024,https://www.buymusic.club/list/concrete_avalanche-december-2024,Guzz,午夜乒乓俱乐部 Midnight Pingpong Club,album,https://open.spotify.com/album/6exf0ICTEMzuBCnchhU2BI,灵魂植物园,Album page includes the track.
December 2024,https://www.buymusic.club/list/concrete_avalanche-december-2024,Liang Yiyuan & Li Daiguo,dispel madness from obsession with money and material gain,album,https://open.spotify.com/album/6hSMDr1l8qh0zFnpixI84X,Sonic Talismans,Album page includes the track.
January 2025,https://www.buymusic.club/list/concrete_avalanche-january-2025,三册柏SANCEBAI，天夫 Tian Fu，金跳造 Jin Tiaozao,Earth Travel Log 地球旅行日志,track,https://open.spotify.com/track/11eekQJOAV2WQzH41QvsFj,Earth Travel Log,Exact track match.
January 2025,https://www.buymusic.club/list/concrete_avalanche-january-2025,Bloodz Boi & cat soup,the future i wanted was gone 这是不是我想要的未来,track,https://open.spotify.com/track/27EPnHdXsT7wB3odVML47Q,the future i wanted was gone,Exact track match.
January 2025,https://www.buymusic.club/list/concrete_avalanche-january-2025,Rubey Hu,B4 - Pandora (Original Version),track,https://open.spotify.com/track/0aBp6sosG1pMXGxJRfdGug,Pandora - Original Version,Exact track match.
January 2025,https://www.buymusic.club/list/concrete_avalanche-january-2025,Hualun,Burning,album,https://open.spotify.com/album/0lt5JsjPLh6WIxyUdG2fDW,Scene,Album page includes the track.
January 2025,https://www.buymusic.club/list/concrete_avalanche-january-2025,饭卡,冬季一人食,track,https://open.spotify.com/track/2GyQS6QGVkP1AtY2lbCLwu,冬季一人食,Exact track match.
January 2025,https://www.buymusic.club/list/concrete_avalanche-january-2025,艾斯卡爾·灰狼 Askar Grey Wolf,也許沒有也許 Perhaps There Is No Perhaps,album,https://open.spotify.com/album/5NLSBiPLAWGN8TRX7HGXEJ,Where Musical Notes Grow Like Peas,Album page includes the track.
January 2025,https://www.buymusic.club/list/concrete_avalanche-january-2025,IZ,Samal Taw 萨玛勒山,track,https://open.spotify.com/track/3AYvb8M0HODgpCOCS70tc4,Samal Taw 萨玛勒山,Exact track match.
January 2025,https://www.buymusic.club/list/concrete_avalanche-january-2025,茶博士 Tea Rockers,古代的幾個外國人住在長安,album,https://open.spotify.com/album/7kILsf9kfaUb4wa0ecGXUn,虚构,Album page includes the track.
February 2025,https://www.buymusic.club/list/concrete_avalanche-february-2025,Muggle,Maze,album,https://open.spotify.com/album/4gbNLvuVoyESZMSdrf66nG,Hollow Mountain,Album page snippet includes the track.
February 2025,https://www.buymusic.club/list/concrete_avalanche-february-2025,丘瑙底河 Khunathi,潮氣吹過後山破廟時 Misty Mountain Pagoda,album,https://open.spotify.com/album/1EXrIbLqNmv4wb7PYpsxHM,Misty Mountain Pagoda,Album page snippet includes the track.
February 2025,https://www.buymusic.club/list/concrete_avalanche-february-2025,散瞳散,wav.form’rain（蓝噪）,album,https://open.spotify.com/album/6D7jqMFBEgUzD9VXOMi3mh,罅隙的景观,Album page snippet includes the track.
February 2025,https://www.buymusic.club/list/concrete_avalanche-february-2025,Muse Deconstruct,And I Want...Autumn,track,https://open.spotify.com/track/0mrtgdYwHrTNuz8NVEvjty,And I Want...Autumn,Exact track match.
February 2025,https://www.buymusic.club/list/concrete_avalanche-february-2025,"CHILLGOGOG, 罗不辣 RO BLOOD, 彭喜悦TingTing, LATENINE6",#SOCIALMEDIA (CHILLGOGOG remix),track,https://open.spotify.com/track/6X2nIknkgB5FGOwmEyBe4a,#SOCIALMEDIA - CHILLGOGOG remix,Exact track match.
February 2025,https://www.buymusic.club/list/concrete_avalanche-february-2025,黑木HEIMU,月光爱人/De Luna Amour,album,https://open.spotify.com/album/1QaWJMY1wdnx46M2EAgB24,月光愛人/De Luna Amour,Album page snippet includes the track.
March 2025,https://www.buymusic.club/list/concrete_avalanche-march-2025,李志LiZhi,米店,track,https://open.spotify.com/track/1ebvojzXK09oE1RjSubBd0,米店,Exact track match.
March 2025,https://www.buymusic.club/list/concrete_avalanche-march-2025,ROMO,Freedom,track,https://open.spotify.com/track/2ytwy2UfaD1AgIg6ORHpxH,Freedom,Exact track match.
March 2025,https://www.buymusic.club/list/concrete_avalanche-march-2025,張瑋瑋;;小河,米店,track,https://open.spotify.com/track/4d7z37DEokIoGImZb68aGY,米店- 现场,Exact live track match.
Chinese ambient,https://www.buymusic.club/list/concrete_avalanche-chinese-ambient,LI YILEI,NEI / 内,album,https://open.spotify.com/album/5L5vwUgHoR5wiJK2wRZaIV,之 / OF,Album page snippet includes the track.
Chinese ambient,https://www.buymusic.club/list/concrete_avalanche-chinese-ambient,Meng Qi,Lights Are From A Window / 光来自窗口,album,https://open.spotify.com/album/08LwGoUwQNeIdm1rO6YCOG,Span,Album page snippet includes the track.
Chinese ambient,https://www.buymusic.club/list/concrete_avalanche-chinese-ambient,Muggle,Maze,album,https://open.spotify.com/album/4gbNLvuVoyESZMSdrf66nG,Hollow Mountain,Album page snippet includes the track.
Chinese ambient,https://www.buymusic.club/list/concrete_avalanche-chinese-ambient,明暗MING,暗流,album,https://open.spotify.com/album/2OhqwVFO53Rmg1kCkvpqnj,Seippelabel Vol. 13,Compilation/album page snippet includes the track.
Chinese ambient,https://www.buymusic.club/list/concrete_avalanche-chinese-ambient,Rainsoft,Solitude,album,https://open.spotify.com/album/2o5CgDE3ZhHRXav0fEmQfD,Solitude,Single/album page includes the track.
Chinese ambient,https://www.buymusic.club/list/concrete_avalanche-chinese-ambient,"Yu Miao, mafmadmaf",B.T.R.M.M.,album,https://open.spotify.com/album/73ePsJ1IPHSmk1LHwNwEBy,B.T.R.M.M.,Single/album page includes the track.
Chinese ambient,https://www.buymusic.club/list/concrete_avalanche-chinese-ambient,Random The Name,Foley Reso,track,https://open.spotify.com/track/0UQEQKyKBvNqbVFWRn9tWr,Foley Reso,Exact track match.
Chinese ambient,https://www.buymusic.club/list/concrete_avalanche-chinese-ambient,Anita Pan,"like bubbles, like shadows",track,https://open.spotify.com/track/6ZbQtdgwIuX8620tAGdw5k,"like bubbles, like shadows",Exact track match.
Chinese ambient,https://www.buymusic.club/list/concrete_avalanche-chinese-ambient,马木尔 Mamer,四十年前 / Ⱪereⱪ jel buren 40 Years Ago,track,https://open.spotify.com/track/33IDcKICiJQi0dyIA3z6ui,四十年前Ⱪereⱪ jel buren 40 Years Ago,Exact track match.
Chinese ambient,https://www.buymusic.club/list/concrete_avalanche-chinese-ambient,Wu Zhuoling,Marvelous Clouds,album,https://open.spotify.com/album/5A6mR25XiaFDKDKdnEMOTt,Another Shore,Album page snippet includes the track.
Chinese ambient,https://www.buymusic.club/list/concrete_avalanche-chinese-ambient,Voision Xi,morphine rope on fire,track,https://open.spotify.com/track/7qWyxTOC1h8lhzr0uMc9pT,morphine rope on fire,Exact track match.
Chinese ambient,https://www.buymusic.club/list/concrete_avalanche-chinese-ambient,Yu Su,Pardon,album,https://open.spotify.com/album/3jp1Cv6bTFyGN1jQWC2uSN,I Want an Earth,Album page snippet includes the track.
Chinese ambient,https://www.buymusic.club/list/concrete_avalanche-chinese-ambient,COLA REN,Ripples,album,https://open.spotify.com/album/35BgR7SFHZQVTidQtcZq8x,Mekong Ballad,Album page snippet includes the track.
Chinese ambient,https://www.buymusic.club/list/concrete_avalanche-chinese-ambient,Hualun（花伦）,Burning,album,https://open.spotify.com/album/0lt5JsjPLh6WIxyUdG2fDW,Scene,Album page snippet includes the track.
April 2025,https://www.buymusic.club/list/concrete_avalanche-april-2025,紅髮少年殺人事件,"YES,We Love Number Girl",album,https://open.spotify.com/album/0NESJMy6XhWBKZwL17ETJJ,BRUTAL GIRL DELUSION,Album page snippet includes the track.
April 2025,https://www.buymusic.club/list/concrete_avalanche-april-2025,Green Deer 青鹿,"Black Sun 光,照不到的地方",album,https://open.spotify.com/album/31xsu6BdaGsI56jJ9eW69f,光，照不到的地方 Black Sun,Album page snippet includes the track.
April 2025,https://www.buymusic.club/list/concrete_avalanche-april-2025,Wang Wen,Clap Your Hands Theme Two,album,https://open.spotify.com/album/2lzLEYHUBfp9bLwqClGrZ9,電影《追幸福的人》原聲音樂,Album page snippet includes the track.
April 2025,https://www.buymusic.club/list/concrete_avalanche-april-2025,Riot In School,//亵渎朋克摇滚,album,https://open.spotify.com/album/0BkL7vK4fuTDCBR35F1TIN,//Punk Rock Blasphemy,Album page snippet includes the track.
April 2025,https://www.buymusic.club/list/concrete_avalanche-april-2025,PostmodernHippie,"ごめんねMr. 豆腐 Sorry, Mr. Tofu",album,https://open.spotify.com/album/25GmScOT4Uvj0vD7yAaeMX,離愁瓦斯,Album page snippet includes the track.
April 2025,https://www.buymusic.club/list/concrete_avalanche-april-2025,AmovingmoviE,I'll Be Your Mirror (The Velvet Underground Cover),album,https://open.spotify.com/album/5xhzMS9XIgHXhhb3ftS2H2,旧日成象,Album page snippet includes the track.
April 2025,https://www.buymusic.club/list/concrete_avalanche-april-2025,DaYe 大叶,Flickering Shadows in Dengcaohang 灯草行影影绰绰,album,https://open.spotify.com/album/4iFetQ0laKUywu4A21DiDs,甘泉路,Album page snippet includes the track.
April 2025,https://www.buymusic.club/list/concrete_avalanche-april-2025,Li Jianhong,Shuttle Raven of the Dream,album,https://open.spotify.com/album/5287aEtOCp0QswX7sbVNHs,Shuttle Raven of the Dream,Album page snippet includes the track.
May 2025,https://www.buymusic.club/list/concrete_avalanche-may-2025,FAZI / 法兹,Tian Shui Jing 甜水井,album,https://open.spotify.com/album/7se60BWSI1IV9WBtEM7L2L,Invisible Water,Album page snippet includes the track.
May 2025,https://www.buymusic.club/list/concrete_avalanche-may-2025,Carsick Cars,Stage Riot,track,https://open.spotify.com/track/0PVVriaFa3sxNPq6E1evUK,Stage riot,Exact track match.
May 2025,https://www.buymusic.club/list/concrete_avalanche-may-2025,陈奕迅 / Eason Chan,孤勇者,album,https://open.spotify.com/album/5AXZCa9l5fESG0jLuaOchp,孤勇者,Single page contains the track.
May 2025,https://www.buymusic.club/list/concrete_avalanche-may-2025,Cephalosis,Dream of Flood梦见洪水,album,https://open.spotify.com/album/1XDW1jrIcHc8fLeUXVvuzM,Wuthering Heights呼啸山庄,Album page snippet includes the track.
May 2025,https://www.buymusic.club/list/concrete_avalanche-may-2025,FM3,Zheng,track,https://open.spotify.com/track/2SxvRZHzdnf5JbtRBCzsfV,Zheng,Exact track match.
May 2025,https://www.buymusic.club/list/concrete_avalanche-may-2025,See See Records,Grassland Love Song 草原恋歌,album,https://open.spotify.com/album/34T87IT2y2ZWHLKpaiBHqS,Echoes of the Snowland Cuckoo 雪域杜鹃的回声,Album page snippet includes the track.
May 2025,https://www.buymusic.club/list/concrete_avalanche-may-2025,Zhaoze,1911 3rd Mov. | 一九一一 第三回 (live),album,https://open.spotify.com/album/3Zf2p21V7Ezo0DtKMiyCw9,1911,Album page snippet includes the track (studio version listing).
May 2025,https://www.buymusic.club/list/concrete_avalanche-may-2025,Tassi 水树,怪想录 VII,album,https://open.spotify.com/album/6LF3pBx5oDMLzD6iawp1xp,怪想录 VII,Single page contains the track.
May 2025,https://www.buymusic.club/list/concrete_avalanche-may-2025,Wang Wen,Lost in Train Station,album,https://open.spotify.com/album/5pyhytSPcx6Y1aVydyBtph,Invisible City,Album page snippet includes the track.
June 2025,https://www.buymusic.club/list/concrete_avalanche-june-2025,33EMYBW & Gooooose,TAE,album,https://open.spotify.com/album/34vMtaLPSyIefHo5pL3XBG,Trans-Aeon Express,Album page snippet includes the track.
June 2025,https://www.buymusic.club/list/concrete_avalanche-june-2025,bedroom angel,꧁༒︎H_Ξ_Д_V_У_M_Ξ_Γ_Д_L✟Ҝ_I_$_$༒︎꧂,album,https://open.spotify.com/album/1oYPbo1Fz4IjbRxjjersuN,不器用な天使,Buy Music Club title is heavily stylized; matched to “Heavymetal Kiss” on the same 2025 EP.
June 2025,https://www.buymusic.club/list/concrete_avalanche-june-2025,张醒婵Nono,本该走神的 (Should've Been Lost),album,https://open.spotify.com/album/5rEs7Mq6GT37K6AtCrc6IH,"No, Now!",Album page snippet includes the track.
June 2025,https://www.buymusic.club/list/concrete_avalanche-june-2025,Fragile Asians 脆弱亚洲人,Dirty Dark,album,https://open.spotify.com/album/1Kj20CcJNvLh1EJYZe2KcV,Tough!,Album page snippet includes the track.
June 2025,https://www.buymusic.club/list/concrete_avalanche-june-2025,Cheesmind,恋爱脑 Delulu (Feat. Zoey),album,https://open.spotify.com/album/0Z2qXAPxU1dYihPWMIY0WE,恋爱脑,Single page contains the track.
June 2025,https://www.buymusic.club/list/concrete_avalanche-june-2025,Cephalosis,Dream of Flood梦见洪水,album,https://open.spotify.com/album/1XDW1jrIcHc8fLeUXVvuzM,Wuthering Heights呼啸山庄,Album page snippet includes the track.
July 2025,https://www.buymusic.club/list/concrete_avalanche-july-2025,地磁卡Dizkar,落雨 (Falling Rain) (Remix) [feat. 施鑫文月],album,https://open.spotify.com/album/0Xc8WgyEEI9y7kncV5tyRf,落雨（feat. Xinwenyue Shi） (Remix),Exact single page.
July 2025,https://www.buymusic.club/list/concrete_avalanche-july-2025,thruoutin,Emptiness,track,https://open.spotify.com/track/1OppFSoRsKOBlWdblwxqaE,Emptiness,Exact track page.
July 2025,https://www.buymusic.club/list/concrete_avalanche-july-2025,Wu Zhuoling,Another Shore,album,https://open.spotify.com/album/5A6mR25XiaFDKDKdnEMOTt,Another Shore,Album page includes the track.
July 2025,https://www.buymusic.club/list/concrete_avalanche-july-2025,Running Blue,海,track,https://open.spotify.com/track/0ENwQPYpCZZyHXkzSMs6c8,Golden Sea,English title shown on Spotify result.
July 2025,https://www.buymusic.club/list/concrete_avalanche-july-2025,屬梨Rats&Pears,So Who Has Took my keys?,album,https://open.spotify.com/album/7sOkixADiYGW6RBgbE7vC3,羞恥之井/ The Well of Shame,Album page snippet includes the track.
July 2025,https://www.buymusic.club/list/concrete_avalanche-july-2025,SHAO,Mouth Harp,album,https://open.spotify.com/album/6qamzZuqsRHLbR0hE6TYaE,Space Pulse,Album page includes the track.
July 2025,https://www.buymusic.club/list/concrete_avalanche-july-2025,Ghostmass 大鬼众,升天 Ascension,track,https://open.spotify.com/track/65xoJoyjwRMIInyhK1e0ET,Ascension,Exact track page.
August 2025,https://www.buymusic.club/list/concrete_avalanche-august-2025,李欣颖Shin Li,BUTTON,album,https://open.spotify.com/album/3VpSdVyTFCSTUA64jDKmck,配合尺寸,Album page includes the track.
August 2025,https://www.buymusic.club/list/concrete_avalanche-august-2025,Amber,Melodic Odyssey,album,https://open.spotify.com/album/7JA96uCl6QMOo7Kov7TDPL,Melodic Odyssey,Exact single page.
August 2025,https://www.buymusic.club/list/concrete_avalanche-august-2025,Chinese Football,守门员,album,https://open.spotify.com/album/03GwRSXGXmKK67ap6TyL3a,Chinese Football on Audiotree Live,Audiotree live release includes the track.
September 2025,https://www.buymusic.club/list/concrete_avalanche-september-2025,Fayzz,隐藏 (Hide),track,https://open.spotify.com/track/5Wjpt1ZLnmj8npiXZW3q9T,隐藏（Hide）,Exact track page.
September 2025,https://www.buymusic.club/list/concrete_avalanche-september-2025,33EMYBW,Happy Museum 欢乐博物馆,album,https://open.spotify.com/album/0d58xleV4X5DY7DiesldAJ,DONG 2,Album page includes the track.
September 2025,https://www.buymusic.club/list/concrete_avalanche-september-2025,有话 A Fishy Tale,上个世纪的冲动,track,https://open.spotify.com/track/3W7gQcpJzaNC4JbqimWk4K,上个世纪的冲动,Exact track page.
October 2025,https://www.buymusic.club/list/concrete_avalanche-october-2025,天聲 Tation,Whistle Blower,album,https://open.spotify.com/album/5p45pVzme0lv40e7LGHONE,Whistleblower,1-song EP / single page.
October 2025,https://www.buymusic.club/list/concrete_avalanche-october-2025,Re-TROS,HAILING DRUMS,album,https://open.spotify.com/album/70DH2vaceA9Vv5xeCQJttM,Before the Applause,Album page includes the track.
October 2025,https://www.buymusic.club/list/concrete_avalanche-october-2025,GG Lobster,動亂星 Stars of Turmoil,track,https://open.spotify.com/track/0bq3KafaT1DBU0lvnNJfgc,動亂星Stars of Turmoil,Exact track page.
October 2025,https://www.buymusic.club/list/concrete_avalanche-october-2025,GUAN,Bent Entities,album,https://open.spotify.com/album/0rRfqRVx1xzAvMv06jpU2w,Training in the Parking Lot,Album page includes the track.
October 2025,https://www.buymusic.club/list/concrete_avalanche-october-2025,Anti-General,The King's Farewell,album,https://open.spotify.com/album/4ojCOt8nluL1EGWgESg3fV,POST-ANTHROPOCENE,Album page includes the track.
October 2025,https://www.buymusic.club/list/concrete_avalanche-october-2025,Billionhappy,装B,album,https://open.spotify.com/album/2ZnE6eB5oZEgSzjjNTPltJ,装B,Exact single page.
November 2025,https://www.buymusic.club/list/concrete_avalanche-november-2025,Rev,Mind Game,album,https://open.spotify.com/album/3kHBfYgPJj1hlqucmSHxIp,Planet Mu 30,Compilation page snippet includes the track.
November 2025,https://www.buymusic.club/list/concrete_avalanche-november-2025,COLA REN,Mekong Ballad,album,https://open.spotify.com/album/6XESmWflUmKhllMEUsKksF,Mekong Ballad,Exact single page.
November 2025,https://www.buymusic.club/list/concrete_avalanche-november-2025,DJ小女孩,爱我的请爱我,album,https://open.spotify.com/album/5671IXxZMSHX6IRcME8aeX,节奏的主人,Album page includes the track.
November 2025,https://www.buymusic.club/list/concrete_avalanche-november-2025,GUAN,Delta S4 Gr.B,album,https://open.spotify.com/album/0rRfqRVx1xzAvMv06jpU2w,Training in the Parking Lot,Album page includes the track.
November 2025,https://www.buymusic.club/list/concrete_avalanche-november-2025,Chinese Football,电动少女,album,https://open.spotify.com/album/03GwRSXGXmKK67ap6TyL3a,Chinese Football on Audiotree Live,Audiotree live release includes the track.
November 2025,https://www.buymusic.club/list/concrete_avalanche-november-2025,The Beneficial Society,i need you right now,album,https://open.spotify.com/album/6G27ZALN3N5wE8UtoKT7pz,The Beneficial Society,Album page includes the track.
December 2025,https://www.buymusic.club/list/concrete_avalanche-december-2025,Rev,Infant Lullaby,album,https://open.spotify.com/album/2UJ3dWjtZGjZpDQ3mNcv48,"Stay, Nomad",EP page includes the track.
December 2025,https://www.buymusic.club/list/concrete_avalanche-december-2025,COLA REN,Fallen Papaya,album,https://open.spotify.com/album/35BgR7SFHZQVTidQtcZq8x,Mekong Ballad,Album page includes the track.
December 2025,https://www.buymusic.club/list/concrete_avalanche-december-2025,Muggle,Raining of the Mountain,album,https://open.spotify.com/album/3QcpNWsMKaSzkKAXNapT86,Forest Walk,Album page includes the track.
December 2025,https://www.buymusic.club/list/concrete_avalanche-december-2025,Yu Su,Bonita,album,https://open.spotify.com/album/4zZ8wBNx6BJTZR16TcqGWF,Foundry,EP page includes the track.
December 2025,https://www.buymusic.club/list/concrete_avalanche-december-2025,DAVID BORING,Jenny Rotten,album,https://open.spotify.com/album/3fW5VvLESyPQzM9zSpAIPJ,Jenny Rotten,Exact single page.
December 2025,https://www.buymusic.club/list/concrete_avalanche-december-2025,Asthenia / World Coda,World Coda - The World Under Our Night,album,https://open.spotify.com/album/5QQIoP1mCmMBhNPmOP3XgU,Rupture,EP page includes the track.
December 2025,https://www.buymusic.club/list/concrete_avalanche-december-2025,Ah-Q Jazz Arkestra,Not Really,album,https://open.spotify.com/album/4IXdhwB3AboiKvTKHFWEUB,No Opinion,Album page includes the track.
Best* of 2025,https://www.buymusic.club/list/concrete_avalanche-best-of-2025,COLA REN,Ripples,album,https://open.spotify.com/album/35BgR7SFHZQVTidQtcZq8x,Mekong Ballad,Album page includes the track.
Best* of 2025,https://www.buymusic.club/list/concrete_avalanche-best-of-2025,DJ小女孩,妈妈的女儿,album,https://open.spotify.com/album/5w6Uv52qRcGmuvPifNONac,妈妈的女儿,Exact single page.
Best* of 2025,https://www.buymusic.club/list/concrete_avalanche-best-of-2025,紅髮少年殺人事件,秋茄子之味,album,https://open.spotify.com/album/0NESJMy6XhWBKZwL17ETJJ,BRUTAL GIRL DELUSION,Album page includes the track.
Best* of 2025,https://www.buymusic.club/list/concrete_avalanche-best-of-2025,The Beneficial Society,i need you right now,album,https://open.spotify.com/album/6G27ZALN3N5wE8UtoKT7pz,The Beneficial Society,Album page includes the track.
Best* of 2025,https://www.buymusic.club/list/concrete_avalanche-best-of-2025,Riot In School,//告白（另一边见）,album,https://open.spotify.com/album/0BkL7vK4fuTDCBR35F1TIN,//Punk Rock Blasphemy,Album page includes the track.
Best* of 2025,https://www.buymusic.club/list/concrete_avalanche-best-of-2025,Fayzz,季风 (Monsoon),album,https://open.spotify.com/album/6BU5SosR7jDL0JDIQqbm6H,Patch,Album page includes the track.
Best* of 2025,https://www.buymusic.club/list/concrete_avalanche-best-of-2025,有话 A Fishy Tale,上个世纪的冲动,album,https://open.spotify.com/album/5H1mVMKdkTBRcfAIS6lG42,上个世纪的冲动,Exact single page.
Best* of 2025,https://www.buymusic.club/list/concrete_avalanche-best-of-2025,"河边走 The River, Orchestration, Walkman!",水母街道 Jellyfish Street,album,https://open.spotify.com/album/5jMP4i9St82bCHo4mXt2Mo,无尽的夏天,Album page includes the track.
Best* of 2025,https://www.buymusic.club/list/concrete_avalanche-best-of-2025,DaYe 大叶,"In Fenzhuang Alley, Wearing a Green Neckerchief 粉妆巷戴上绿领巾",album,https://open.spotify.com/album/4iFetQ0laKUywu4A21DiDs,甘泉路,Album page includes the track.
Best* of 2025,https://www.buymusic.club/list/concrete_avalanche-best-of-2025,"夏之禹Zhiyu Xia, 地磁卡Dizkar",街头男孩 (feat. Pupten),album,https://open.spotify.com/album/6jaVvfiUUIKMDToipFnsIM,人人都愛嘻哈樂,Album page includes the track.
Best* of 2025,https://www.buymusic.club/list/concrete_avalanche-best-of-2025,张醒婵Nono,双马尾的死亡(Death Of The Girl With Twin Ponytails),album,https://open.spotify.com/album/5rEs7Mq6GT37K6AtCrc6IH,No，Now！,EP page includes the track.
Best* of 2025,https://www.buymusic.club/list/concrete_avalanche-best-of-2025,GG Lobster,还我loopy!,album,https://open.spotify.com/album/4G7JTtmrI3ODjia0wT1BDk,还我loopy!,Exact single page.
January 2026,https://www.buymusic.club/list/concrete_avalanche-january-2026,WhiteCrow,"I'll be a mountain, I'll be an ocean",album,https://open.spotify.com/album/1FRWG4IxlrRY0ZepRorsTo,"Sorry, this mail is a bit of long one",Album page includes the track.
January 2026,https://www.buymusic.club/list/concrete_avalanche-january-2026,DJ小女孩,心之火,album,https://open.spotify.com/album/56Cxwf99J3nS1BlR6IMPKB,心之火,Exact single page.
January 2026,https://www.buymusic.club/list/concrete_avalanche-january-2026,Rebuilding the Rights of Statues,05 TV Show (Hang the Police),album,https://open.spotify.com/album/0P9Qqa29otx4Ilne5E61P1,Cut Off!,Spotify catalogs the artist as Re-TROS; album page includes the track.
January 2026,https://www.buymusic.club/list/concrete_avalanche-january-2026,地磁卡Dizkar,丑勋章 (Ugly Medal),album,https://open.spotify.com/album/1vk2MSY3sz0W4p2XgZO9i0,丑勋章 (Ugly Medal),Exact single page.
Horse Radio: Year of the Horse tracks,https://www.buymusic.club/list/concrete_avalanche-horse-radio-year-of-the-horse-tracks,Hualun（花伦）,Once upon a Time on Horseback 马背时代,album,https://open.spotify.com/album/6xs0ptUNiIeIUKRiABASlY,Tempus,Album page includes the track.
Horse Radio: Year of the Horse tracks,https://www.buymusic.club/list/concrete_avalanche-horse-radio-year-of-the-horse-tracks,Gong Gong Gong 工工工,"Ride Your Horse 騎你的馬 (""Steel, Mortar, Style, Fun!"" by P.E.)",album,https://open.spotify.com/album/2Hwl72mkwZSv5MKbIGSssb,Ride Your Horse 騎你的馬,Exact single page.
Horse Radio: Year of the Horse tracks,https://www.buymusic.club/list/concrete_avalanche-horse-radio-year-of-the-horse-tracks,Ts Bayandalai,灰色公马,album,https://open.spotify.com/album/0O6XMNPQM8HBcNhtWUjUsz,Kimel,Album page includes the track.
Horse Radio: Year of the Horse tracks,https://www.buymusic.club/list/concrete_avalanche-horse-radio-year-of-the-horse-tracks,Wang Wen,The Last Journey,album,https://open.spotify.com/album/6PkjBoIVmdXzNs0tLoAgyk,Eight Horses,Album page includes the track.
February 2026,https://www.buymusic.club/list/concrete_avalanche-february-2026,Anti-General,山灵谣 (Chant of the Mountain Spirits),album,https://open.spotify.com/album/28PVJQinYp55KclfYhLi5O,Chant of the Mountain Spirits,Exact single page.
February 2026,https://www.buymusic.club/list/concrete_avalanche-february-2026,Gooooose,Relay,album,https://open.spotify.com/album/4azvA3lCr4eSkrNYb4AhCC,Relay,Exact single page.
February 2026,https://www.buymusic.club/list/concrete_avalanche-february-2026,Wu Zhuoling,Warp (SHAO remix),album,https://open.spotify.com/album/1jWKDDSyVxWCgnO31AT3zk,Warp,Single page includes the remix track.
February 2026,https://www.buymusic.club/list/concrete_avalanche-february-2026,WhiteCrow,Bamboo Sea,album,https://open.spotify.com/album/4c2FyYCS26FW5Lu8Qaxcv3,WhiteCrow's Selected Pieces 2017-2024,Selected-pieces compilation includes the track.
February 2026,https://www.buymusic.club/list/concrete_avalanche-february-2026,触发器Trigger,物VS人 Things vs People,album,https://open.spotify.com/album/3QMu8yYNhGeCXvD4T12k3v,车祸的幸福,Album page includes the track.
Chinese emo,https://www.buymusic.club/list/concrete_avalanche-chinese-emo,Chinese Football,地球上最后一个EMO男孩,album,https://open.spotify.com/album/1TDmk4aTB77LvPdeWlWPFB,Chinese Football,Album page includes the track.
Chinese emo,https://www.buymusic.club/list/concrete_avalanche-chinese-emo,a hidden trace,You've Changed But I'm Still a Child,album,https://open.spotify.com/album/1WIYWc1ZwwwKpR7z8ttKde,Remember to Forget,Album page includes the track.
Chinese emo,https://www.buymusic.club/list/concrete_avalanche-chinese-emo,Diels-Alder,逃亡 / Runaway,album,https://open.spotify.com/album/0uLUwJahxIw6orG2cBKcpu,Archives,Album page includes the track.
Chinese emo,https://www.buymusic.club/list/concrete_avalanche-chinese-emo,Shanghai Qiutian,从来都是这样 It’s Always Been Like This,album,https://open.spotify.com/album/0T2BYULkXh5O9EZQvCQj6h,Home：Revolution,Album page includes the track.
Chinese emo,https://www.buymusic.club/list/concrete_avalanche-chinese-emo,TOOKOO,SAD SONG,album,https://open.spotify.com/album/4vCNfiOWme3Q2F5UE6oqc7,Dance For Yourself,Album page includes the track.
Chinese emo,https://www.buymusic.club/list/concrete_avalanche-chinese-emo,The Beneficial Society,i need you right now,album,https://open.spotify.com/album/6G27ZALN3N5wE8UtoKT7pz,The Beneficial Society,Album page includes the track.
March 2026,https://www.buymusic.club/list/concrete_avalanche-march-2026,触发器Trigger,"烧起来、舞蹈、浇灭 Ignite,Dance,Extinguish",album,https://open.spotify.com/album/3QMu8yYNhGeCXvD4T12k3v,车祸的幸福,Album page includes the track.
March 2026,https://www.buymusic.club/list/concrete_avalanche-march-2026,Zhaoze,"Wind Rising… In Snow Storm, Yet Not Back Home | 风起.....风雪未归人",album,https://open.spotify.com/album/7cLrRgfmgePzirFaGwEEmb,风雪未归人,Single page includes the track.
March 2026,https://www.buymusic.club/list/concrete_avalanche-march-2026,Voision Xi,Muse (for Joyce) [Amber Navran Remix],album,https://open.spotify.com/album/6kFqP7xLjGqMs0CKX8iPOB,Muse (for Joyce) [Amber Navran Remix],Exact single page.
March 2026,https://www.buymusic.club/list/concrete_avalanche-march-2026,Gooooose,Hefei ft. Yang Sifu,album,https://open.spotify.com/album/4vcUXqFGBGBW07ii0plTfW,Hefei,Exact single page.
April 2026,https://www.buymusic.club/list/concrete_avalanche-april-2026,Wu Zhuoling,Gaia's Breath,album,https://open.spotify.com/album/3Qn0JQgoIpC8W6eTF1Mtq0,Uncharted II,EP page includes the track.
April 2026,https://www.buymusic.club/list/concrete_avalanche-april-2026,Run! Rabbit Run!,Go Rabbit!,album,https://open.spotify.com/album/2MBqH8ap1xBB1BoI6vgqZ1,Go Rabbit!,Exact single page.
April 2026,https://www.buymusic.club/list/concrete_avalanche-april-2026,"Shanghai Restoration Project, Tebza Majaivane",Ice Boy,album,https://open.spotify.com/album/4WAEKs0VaHxv4yk1y13Fok,Ice Boy,Exact single page.
April 2026,https://www.buymusic.club/list/concrete_avalanche-april-2026,Ts Bayandalai,Bird of Wind,album,https://open.spotify.com/album/2Kv8sAktUDdzOEIZ1O0b5f,Bird of Wind,Exact single page.